<?xml version="1.0" encoding="UTF-8"?>
<beans xmlns="http://www.springframework.org/schema/beans"
	xmlns:xsi="http://www.w3.org/2001/XMLSchema-instance"
	xmlns:mybatis-spring="http://mybatis.org/schema/mybatis-spring"
	xmlns:context="http://www.springframework.org/schema/context"
	xsi:schemaLocation="http://mybatis.org/schema/mybatis-spring http://mybatis.org/schema/mybatis-spring-1.2.xsd
		http://www.springframework.org/schema/beans https://www.springframework.org/schema/beans/spring-beans.xsd
		http://www.springframework.org/schema/context http://www.springframework.org/schema/context/spring-context-4.3.xsd">
	
	<!-- Root Context: defines shared resources visible to all other web components -->
		
		<!-- 
		HikariCP를 이용한 커넥션 풀 설정 
		여러명의 사용자를 동시에 처리해야 하는 경우 부하가 발생할 수 있으므로 데이터베이스와 연결된 커넥션을  미리 만들어서
		풀(pool)속에 저장해 두고 있다가 필요한 경우 커넥션을 풀에서 쓰고 다시 풀에 반환
		미리 생성해두기 때문에 데이터베이스에 부하를 줄이고 유동적으로 연결관리 가능
		https://github.com/brettwooldridge/HikariCP#configuration-knobs-baby
		-->
		<bean id="hikariConfig" class="com.zaxxer.hikari.HikariConfig">
		<property name="driverClassName"
		value="net.sf.log4jdbc.sql.jdbcapi.DriverSpy"></property>
		<property name="jdbcUrl"
		value="jdbc:log4jdbc:oracle:thin:@localhost:1521:XE"></property>		
		<property name="username" value="SH_DB"></property>
		<property name="password" value="whrk1324"></property>
		</bean>	
		
		
		<bean id="dataSource" class="com.zaxxer.hikari.HikariDataSource"
		destroy-method="close">
		<constructor-arg ref="hikariConfig" />
		</bean>
		
		<bean id="sqlSessionFactory"
		class="org.mybatis.spring.SqlSessionFactoryBean">
		<property name="dataSource" ref="dataSource"></property>
		</bean> 
		
		<mybatis-spring:scan base-package="com.SBoard.mapper"/>
		<context:component-scan base-package="com.SBoard.service"></context:component-scan>
		
		
</beans>
